Student_ID,Name,Age,Gender,Class,Subject,Teacher_Name,Exam_Date,Attendance_%,Assignments_Submitted,Exam_Score,Grade,Extra_Curricular,Parent_Meet_Attended,Fees_Paid,Scholarship,Next_Fee_Due
S001,Sahil Khan,15,F,9,History,Mr. Banerjee,23-07-2025,75,6,60,A,Dance,Yes,30395,Yes,06-09-2025
S002,Arjun Kapoor,16,M,12,Biology,Dr. Mehta,22-07-2025,97,8,60,A,Football,No,32685,No,01-09-2025
S003,Meera Joshi,14,F,12,Geography,Ms. Sharma,18-07-2025,88,6,76,B+,Football,No,37846,Yes,01-09-2025
S004,Arjun Kapoor,16,F,9,Science,Ms. Kapoor,21-07-2025,89,7,60,B+,Cricket,No,33840,No,07-09-2025
S005,Manav Bhatia,14,M,9,History,Mr. Banerjee,09-07-2025,95,6,71,A,Football,No,34431,No,11-09-2025
S006,Sahil Khan,14,M,12,English,Dr. Mehta,12-07-2025,78,7,85,A,Debate,No,32265,Yes,05-09-2025
S007,Neha Gupta,18,M,12,Chemistry,Ms. Sharma,12-07-2025,95,9,93,B,Art,Yes,34970,Yes,01-09-2025
S008,Sneha Chawla,18,M,12,English,Dr. Iyer,12-07-2025,81,8,70,A,Music,Yes,30530,No,07-09-2025
S009,Pooja Reddy,17,F,12,Chemistry,Dr. Iyer,08-07-2025,97,6,81,B,Basketball,Yes,31182,No,06-09-2025
S010,Divya Iyer,18,F,9,History,Mr. Verma,04-07-2025,87,8,51,B+,Cricket,Yes,30103,No,01-09-2025
S011,Ishaan Roy,14,M,12,Physics,Mr. Verma,19-07-2025,91,6,78,A,Cricket,No,35318,No,03-09-2025
S012,Divya Iyer,15,F,12,Science,Ms. Kapoor,30-07-2025,89,6,78,B+,Football,No,36476,Yes,10-09-2025
S013,Ananya Sen,17,F,11,Science,Dr. Iyer,11-07-2025,90,7,70,A+,Dance,No,37818,No,05-09-2025
S014,Priya Nair,14,F,10,Chemistry,Mr. Banerjee,24-07-2025,100,6,69,B+,Dance,No,32737,No,07-09-2025
S015,Meera Joshi,15,F,11,Science,Mr. Banerjee,22-07-2025,80,9,66,B+,Drama,No,35305,Yes,07-09-2025
S016,Nidhi Verma,16,M,12,Chemistry,Dr. Mehta,27-07-2025,88,9,69,A,Music,No,35591,No,06-09-2025
S017,Priya Nair,16,F,12,Physics,Ms. Kapoor,13-07-2025,87,4,63,A,Music,Yes,36943,Yes,03-09-2025
S018,Ishaan Roy,15,F,10,History,Mr. Verma,10-07-2025,84,7,55,B,Debate,No,36067,Yes,03-09-2025
S019,Nidhi Verma,16,F,10,Chemistry,Dr. Mehta,03-07-2025,75,7,65,B,Drama,No,30911,No,03-09-2025
S020,Aditya Rao,15,F,9,Physics,Ms. Sharma,18-07-2025,94,4,78,B,Cricket,Yes,36133,Yes,07-09-2025
S021,Karan Patel,18,F,12,History,Ms. Kapoor,21-07-2025,98,7,64,C,Art,No,30444,Yes,02-09-2025
S022,Manav Bhatia,16,M,11,History,Mr. Banerjee,14-07-2025,75,8,86,A+,Music,Yes,31256,Yes,03-09-2025
S023,Sanya Mehta,16,M,11,Science,Dr. Mehta,10-07-2025,76,4,78,B,Basketball,Yes,36797,No,08-09-2025
S024,Nidhi Verma,14,M,9,Chemistry,Mr. Verma,16-07-2025,76,10,60,A+,Basketball,Yes,34822,Yes,10-09-2025
S025,Neha Gupta,17,M,11,English,Dr. Iyer,30-07-2025,80,8,84,B+,Dance,No,36134,No,04-09-2025
S026,Meera Joshi,18,F,11,Biology,Mr. Banerjee,04-07-2025,78,6,60,A+,Art,Yes,31258,No,01-09-2025
S027,Priya Nair,18,M,9,English,Dr. Mehta,18-07-2025,94,9,55,B+,Football,No,36311,No,11-09-2025
S028,Priya Nair,15,M,11,Science,Mr. Verma,16-07-2025,84,8,83,B+,Music,No,31623,Yes,09-09-2025
S029,Pooja Reddy,16,F,11,Physics,Dr. Iyer,30-07-2025,94,4,59,B+,Music,No,36142,Yes,11-09-2025
S030,Priya Nair,14,M,10,Geography,Ms. Sharma,02-07-2025,92,8,59,B,Drama,No,37939,Yes,03-09-2025
S031,Sahil Khan,15,M,9,Biology,Mr. Banerjee,08-07-2025,93,10,75,C,Music,No,33514,Yes,05-09-2025
S032,Rohan Das,14,F,12,Geography,Dr. Iyer,10-07-2025,84,5,59,B,Basketball,Yes,32913,Yes,09-09-2025
S033,Meera Joshi,16,F,9,History,Dr. Mehta,10-07-2025,77,7,58,B,Drama,Yes,37860,Yes,03-09-2025
S034,Neha Gupta,16,F,9,Biology,Mr. Verma,02-07-2025,94,5,91,C,Football,Yes,34814,Yes,02-09-2025
S035,Vikram Singh,16,F,9,English,Ms. Kapoor,28-07-2025,90,10,64,A,Cricket,No,35016,Yes,02-09-2025
S036,Aarav Sharma,18,F,9,History,Ms. Sharma,07-07-2025,79,10,87,B,Dance,No,37508,No,03-09-2025
S037,Nidhi Verma,14,F,10,Science,Mr. Banerjee,27-07-2025,96,8,83,B+,Music,Yes,30759,No,06-09-2025
S038,Ananya Sen,16,F,11,Physics,Ms. Kapoor,13-07-2025,95,6,75,B+,Dance,Yes,33525,No,08-09-2025
S039,Neha Gupta,17,F,9,Mathematics,Dr. Mehta,08-07-2025,76,8,52,B,Art,Yes,35817,Yes,03-09-2025
S040,Aditya Rao,16,M,9,Physics,Dr. Mehta,01-07-2025,79,9,51,C,Dance,Yes,34472,No,01-09-2025
S041,Divya Iyer,17,F,9,Mathematics,Ms. Sharma,10-07-2025,93,10,86,B+,Cricket,Yes,35153,No,04-09-2025
S042,Rohan Das,18,F,10,Chemistry,Ms. Kapoor,08-07-2025,75,5,66,B+,Drama,Yes,35100,No,01-09-2025
S043,Sneha Chawla,17,F,11,Biology,Ms. Kapoor,11-07-2025,98,5,60,B,Drama,No,30805,No,02-09-2025
S044,Manav Bhatia,18,F,9,History,Dr. Iyer,13-07-2025,75,8,66,A,Art,Yes,32439,No,08-09-2025
S045,Rohan Das,14,M,9,History,Dr. Mehta,28-07-2025,79,8,56,B,Debate,Yes,32181,No,11-09-2025
S046,Aditya Rao,16,F,12,Mathematics,Dr. Mehta,03-07-2025,78,8,53,B+,Dance,No,32434,Yes,04-09-2025
S047,Sahil Khan,17,M,11,Science,Dr. Mehta,23-07-2025,79,9,59,B,Art,No,33253,Yes,02-09-2025
S048,Arjun Kapoor,14,M,9,Physics,Ms. Kapoor,29-07-2025,83,5,86,C,Music,Yes,37970,No,07-09-2025
S049,Pooja Reddy,16,M,12,Physics,Dr. Mehta,06-07-2025,83,5,96,A+,Music,No,32381,No,05-09-2025
S050,Ananya Sen,18,F,12,English,Ms. Sharma,30-07-2025,85,7,79,A,Cricket,Yes,30775,Yes,02-09-2025
S051,Sahil Khan,18,M,9,English,Mr. Verma,08-07-2025,99,7,59,A,Art,Yes,34138,Yes,06-09-2025
S052,Nidhi Verma,17,M,10,Physics,Mr. Banerjee,01-07-2025,76,9,69,A+,Drama,Yes,34115,Yes,03-09-2025
S053,Aarav Sharma,16,M,11,English,Dr. Mehta,14-07-2025,78,5,55,A,Drama,No,31851,No,02-09-2025
S054,Ritika Sharma,18,F,9,English,Dr. Iyer,17-07-2025,85,6,58,A,Cricket,Yes,30384,Yes,11-09-2025
S055,Aarav Sharma,14,F,11,Mathematics,Ms. Kapoor,12-07-2025,77,6,95,B+,Debate,Yes,36885,Yes,08-09-2025
S056,Kabir Malhotra,14,F,10,Chemistry,Mr. Verma,07-07-2025,79,4,59,A,Cricket,Yes,36651,No,09-09-2025
S057,Sneha Chawla,17,F,12,History,Dr. Mehta,02-07-2025,85,9,64,A,Music,Yes,34711,No,08-09-2025
S058,Rohan Das,14,F,11,Mathematics,Mr. Banerjee,22-07-2025,78,6,52,B,Cricket,Yes,36309,No,07-09-2025
S059,Meera Joshi,14,F,11,Geography,Ms. Kapoor,16-07-2025,92,4,57,A+,Drama,Yes,30180,No,01-09-2025
S060,Sahil Khan,14,M,9,Mathematics,Dr. Mehta,22-07-2025,93,10,62,C,Cricket,Yes,35976,Yes,10-09-2025
S061,Ishaan Roy,14,F,9,Geography,Mr. Verma,28-07-2025,92,5,64,A,Basketball,Yes,35146,Yes,01-09-2025
S062,Aarav Sharma,18,F,9,Physics,Mr. Verma,11-07-2025,76,7,92,A,Basketball,Yes,37597,No,05-09-2025
S063,Aditya Rao,15,M,9,English,Dr. Iyer,07-07-2025,81,10,50,B+,Dance,Yes,37446,No,08-09-2025
S064,Divya Iyer,16,F,9,Physics,Dr. Iyer,29-07-2025,99,9,78,B+,Football,Yes,37381,No,02-09-2025
S065,Sahil Khan,15,M,11,Physics,Ms. Sharma,17-07-2025,92,8,97,B,Football,No,30774,No,08-09-2025
S066,Aditya Rao,15,M,10,Science,Mr. Banerjee,19-07-2025,86,7,71,B+,Dance,Yes,30044,No,06-09-2025
S067,Nidhi Verma,16,M,12,Science,Dr. Mehta,15-07-2025,84,8,85,B+,Basketball,No,31316,No,03-09-2025
S068,Divya Iyer,17,M,9,Chemistry,Ms. Sharma,30-07-2025,80,6,57,C,Drama,No,33845,Yes,04-09-2025
S069,Ananya Sen,16,F,9,English,Mr. Verma,27-07-2025,83,4,97,A+,Music,Yes,35378,Yes,02-09-2025
S070,Kabir Malhotra,16,F,9,History,Dr. Iyer,09-07-2025,94,10,79,B,Football,No,30298,No,06-09-2025
S071,Neha Gupta,14,F,12,English,Ms. Sharma,21-07-2025,84,7,95,B,Art,Yes,30848,No,03-09-2025
S072,Aditya Rao,18,M,11,Physics,Ms. Kapoor,16-07-2025,87,5,82,A,Drama,Yes,37007,No,04-09-2025
S073,Manav Bhatia,16,M,11,English,Ms. Sharma,10-07-2025,95,5,99,A,Debate,Yes,35436,Yes,03-09-2025
S074,Vikram Singh,16,M,11,English,Dr. Mehta,07-07-2025,93,10,86,C,Drama,Yes,37917,No,06-09-2025
S075,Aditya Rao,16,F,12,History,Dr. Mehta,09-07-2025,99,5,60,A,Debate,Yes,33866,No,06-09-2025
S076,Aarav Sharma,18,F,10,Science,Mr. Verma,17-07-2025,83,5,76,B+,Art,Yes,34350,Yes,06-09-2025
S077,Divya Iyer,18,M,12,Mathematics,Mr. Banerjee,06-07-2025,89,8,77,C,Cricket,No,33410,No,08-09-2025
S078,Divya Iyer,16,M,10,History,Mr. Verma,16-07-2025,87,8,93,A,Music,Yes,37089,Yes,06-09-2025
S079,Priya Nair,18,M,9,Physics,Mr. Banerjee,01-07-2025,79,8,99,A+,Cricket,No,35581,Yes,08-09-2025
S080,Rohan Das,17,F,12,Chemistry,Dr. Iyer,22-07-2025,87,8,65,A+,Debate,No,36737,Yes,11-09-2025
S081,Meera Joshi,17,M,9,Physics,Ms. Kapoor,12-07-2025,89,7,60,A,Art,Yes,31160,Yes,08-09-2025
S082,Aditya Rao,16,F,11,Science,Dr. Mehta,18-07-2025,99,5,79,B+,Dance,No,33808,No,11-09-2025
S083,Arjun Kapoor,14,M,9,English,Mr. Verma,28-07-2025,97,7,83,B,Football,No,30818,Yes,10-09-2025
S084,Ishaan Roy,17,M,11,English,Mr. Banerjee,03-07-2025,95,9,77,C,Art,Yes,35677,Yes,05-09-2025
S085,Aarav Sharma,18,M,12,Physics,Ms. Kapoor,06-07-2025,89,10,87,A+,Art,No,32255,Yes,02-09-2025
S086,Ishaan Roy,14,F,9,English,Ms. Sharma,17-07-2025,81,5,94,A+,Cricket,No,30465,Yes,09-09-2025
S087,Sanya Mehta,16,M,12,Science,Dr. Mehta,03-07-2025,89,10,52,C,Football,Yes,31373,No,06-09-2025
S088,Ishaan Roy,16,F,11,Science,Ms. Sharma,20-07-2025,89,6,79,B+,Cricket,No,33295,No,02-09-2025
S089,Priya Nair,15,M,12,Physics,Mr. Verma,10-07-2025,82,4,78,B+,Football,No,35774,Yes,03-09-2025
S090,Pooja Reddy,17,F,12,Physics,Ms. Kapoor,14-07-2025,97,5,63,C,Basketball,Yes,36362,No,09-09-2025
S091,Ishaan Roy,17,F,10,Physics,Dr. Mehta,13-07-2025,99,7,91,C,Debate,No,36013,Yes,06-09-2025
S092,Divya Iyer,18,M,9,Science,Ms. Sharma,15-07-2025,95,6,52,A+,Football,No,34116,Yes,01-09-2025
S093,Sanya Mehta,18,F,9,Chemistry,Mr. Banerjee,02-07-2025,93,10,64,B,Cricket,No,37655,No,03-09-2025
S094,Sahil Khan,14,F,10,Biology,Ms. Kapoor,05-07-2025,99,9,72,C,Debate,Yes,36854,Yes,02-09-2025
S095,Ananya Sen,15,F,9,Chemistry,Ms. Kapoor,05-07-2025,82,7,52,A+,Art,No,30904,No,03-09-2025
S096,Priya Nair,17,F,10,Mathematics,Mr. Verma,21-07-2025,98,8,86,C,Art,No,37187,Yes,08-09-2025
S097,Rohan Das,16,F,11,Mathematics,Dr. Mehta,02-07-2025,93,10,60,A,Basketball,No,37737,No,08-09-2025
S098,Sanya Mehta,17,F,11,Physics,Ms. Kapoor,29-07-2025,86,5,86,A,Cricket,No,33139,Yes,10-09-2025
S099,Kabir Malhotra,16,F,11,Science,Ms. Sharma,26-07-2025,80,9,57,B,Debate,No,33413,No,03-09-2025
S100,Aditya Rao,17,F,9,Mathematics,Mr. Banerjee,17-07-2025,86,9,59,A+,Basketball,No,32317,No,03-09-2025
S101,Karan Patel,16,M,11,History,Dr. Iyer,05-07-2025,80,9,53,B,Cricket,Yes,37318,Yes,03-09-2025
S102,Ritika Sharma,16,F,9,Geography,Ms. Kapoor,23-07-2025,79,4,71,B+,Football,No,31246,Yes,07-09-2025
S103,Aditya Rao,14,M,11,Mathematics,Ms. Sharma,17-07-2025,89,6,76,B+,Dance,No,35070,No,02-09-2025
S104,Sanya Mehta,16,M,10,Science,Dr. Mehta,11-07-2025,89,9,68,B+,Football,Yes,35079,Yes,05-09-2025
S105,Vikram Singh,16,F,12,Physics,Dr. Mehta,28-07-2025,96,7,60,B+,Football,Yes,34276,Yes,09-09-2025
S106,Ishaan Roy,15,F,9,Mathematics,Mr. Banerjee,14-07-2025,93,5,77,A,Football,No,31283,Yes,01-09-2025
S107,Meera Joshi,14,M,12,Physics,Ms. Kapoor,13-07-2025,76,10,74,A+,Dance,Yes,31514,Yes,10-09-2025
S108,Vikram Singh,17,M,12,Mathematics,Mr. Banerjee,11-07-2025,99,6,56,A+,Cricket,No,30526,Yes,07-09-2025
S109,Meera Joshi,15,M,9,English,Ms. Sharma,08-07-2025,83,4,58,B,Art,Yes,37844,No,07-09-2025
S110,Pooja Reddy,14,F,12,Chemistry,Dr. Mehta,15-07-2025,76,5,92,B+,Music,Yes,36989,Yes,10-09-2025
S111,Kabir Malhotra,14,F,9,Geography,Dr. Mehta,06-07-2025,77,5,94,B,Debate,Yes,33255,Yes,07-09-2025
S112,Aditya Rao,15,M,11,Science,Dr. Mehta,12-07-2025,83,8,68,A+,Cricket,No,36554,No,01-09-2025
S113,Ritika Sharma,17,F,9,Biology,Dr. Mehta,17-07-2025,95,6,100,B+,Music,No,32733,No,11-09-2025
S114,Karan Patel,17,F,10,Chemistry,Ms. Sharma,09-07-2025,88,10,72,A,Football,No,31415,No,11-09-2025
S115,Ritika Sharma,15,M,9,Mathematics,Mr. Banerjee,02-07-2025,99,10,55,A,Football,No,32125,Yes,01-09-2025
S116,Divya Iyer,17,M,10,Biology,Mr. Banerjee,13-07-2025,93,4,84,C,Football,No,36489,No,04-09-2025
S117,Karan Patel,18,M,9,Biology,Ms. Kapoor,28-07-2025,94,9,77,C,Drama,No,37516,Yes,10-09-2025
S118,Sneha Chawla,17,M,9,Biology,Mr. Banerjee,29-07-2025,99,7,97,A,Dance,No,37314,Yes,06-09-2025
S119,Neha Gupta,15,F,9,Science,Dr. Iyer,28-07-2025,75,4,77,A+,Dance,No,30372,No,06-09-2025
S120,Divya Iyer,14,F,9,Mathematics,Mr. Banerjee,18-07-2025,95,10,72,A+,Football,No,33469,Yes,11-09-2025
S121,Karan Patel,16,M,11,Mathematics,Mr. Verma,16-07-2025,96,6,62,A+,Dance,No,37484,Yes,11-09-2025
S122,Kabir Malhotra,17,F,9,English,Mr. Banerjee,04-07-2025,89,5,59,B+,Dance,Yes,36850,Yes,01-09-2025
S123,Nidhi Verma,14,F,10,Mathematics,Ms. Sharma,09-07-2025,78,8,53,B,Cricket,No,37572,Yes,06-09-2025
S124,Aditya Rao,14,F,12,Biology,Ms. Kapoor,26-07-2025,92,9,98,A,Music,Yes,36879,No,09-09-2025
S125,Ananya Sen,17,M,11,Biology,Dr. Mehta,26-07-2025,78,6,70,A,Drama,No,37959,No,01-09-2025
S126,Kabir Malhotra,17,F,10,English,Ms. Kapoor,02-07-2025,82,4,93,B,Cricket,Yes,35821,Yes,11-09-2025
S127,Manav Bhatia,18,F,12,Mathematics,Ms. Sharma,11-07-2025,98,8,71,B,Debate,Yes,32184,No,07-09-2025
S128,Aarav Sharma,18,M,9,Physics,Ms. Sharma,02-07-2025,87,9,74,C,Basketball,No,33318,No,04-09-2025
S129,Vikram Singh,15,F,10,Biology,Dr. Mehta,16-07-2025,95,7,75,B+,Cricket,Yes,31971,Yes,06-09-2025
S130,Rohan Das,16,M,9,Chemistry,Ms. Sharma,02-07-2025,86,7,83,C,Football,No,31293,Yes,03-09-2025
S131,Kabir Malhotra,15,F,9,Science,Ms. Kapoor,08-07-2025,85,5,88,A,Basketball,Yes,35643,No,05-09-2025
S132,Sanya Mehta,16,F,11,Biology,Mr. Banerjee,24-07-2025,84,10,79,B,Debate,Yes,33057,Yes,03-09-2025
S133,Kabir Malhotra,14,M,12,History,Dr. Iyer,01-07-2025,78,4,83,C,Debate,Yes,30300,Yes,05-09-2025
S134,Arjun Kapoor,17,F,12,English,Dr. Iyer,30-07-2025,82,4,67,A,Cricket,No,34427,Yes,01-09-2025
S135,Aarav Sharma,15,M,11,Chemistry,Mr. Banerjee,01-07-2025,87,10,100,A,Debate,No,35623,No,02-09-2025
S136,Kabir Malhotra,15,M,9,Geography,Mr. Verma,26-07-2025,76,9,59,A+,Music,Yes,35861,Yes,11-09-2025
S137,Aarav Sharma,14,M,12,Mathematics,Dr. Iyer,28-07-2025,82,4,55,A,Football,No,31839,No,07-09-2025
S138,Aditya Rao,16,F,9,Chemistry,Dr. Iyer,17-07-2025,98,5,73,A,Football,No,33474,No,08-09-2025
S139,Nidhi Verma,17,F,9,Mathematics,Dr. Mehta,23-07-2025,83,7,80,B,Dance,No,35280,No,09-09-2025
S140,Priya Nair,18,F,12,Chemistry,Ms. Kapoor,03-07-2025,83,4,75,B+,Art,Yes,30021,Yes,01-09-2025
S141,Pooja Reddy,18,M,10,Science,Mr. Verma,26-07-2025,76,6,52,B+,Football,No,30969,No,07-09-2025
S142,Arjun Kapoor,14,F,10,History,Dr. Iyer,15-07-2025,97,8,83,B,Basketball,Yes,32344,No,05-09-2025
S143,Sanya Mehta,18,M,11,Biology,Mr. Verma,03-07-2025,99,10,56,B,Football,No,31498,No,11-09-2025
S144,Priya Nair,14,F,10,History,Dr. Mehta,26-07-2025,82,8,81,A,Football,No,36855,Yes,06-09-2025
S145,Ananya Sen,16,M,10,Biology,Mr. Verma,18-07-2025,83,5,53,C,Dance,Yes,34623,No,05-09-2025
S146,Nidhi Verma,14,F,12,Mathematics,Ms. Sharma,30-07-2025,85,8,93,B+,Dance,Yes,36896,Yes,10-09-2025
S147,Kabir Malhotra,17,M,10,Science,Dr. Mehta,06-07-2025,98,6,99,A,Football,No,37486,Yes,09-09-2025
S148,Aarav Sharma,14,M,9,Geography,Mr. Verma,20-07-2025,100,10,67,B+,Drama,No,37443,No,01-09-2025
S149,Pooja Reddy,15,M,11,English,Mr. Verma,29-07-2025,93,8,52,B,Football,No,33554,Yes,02-09-2025
S150,Divya Iyer,17,M,10,History,Mr. Banerjee,15-07-2025,83,6,77,A,Debate,No,34118,No,03-09-2025
S151,Meera Joshi,15,M,10,Physics,Mr. Banerjee,08-07-2025,100,5,58,C,Debate,No,37111,Yes,08-09-2025
S152,Aditya Rao,15,M,12,Biology,Ms. Sharma,04-07-2025,85,9,83,A+,Football,Yes,32213,No,03-09-2025
S153,Sahil Khan,16,F,10,History,Mr. Banerjee,22-07-2025,84,4,57,B+,Football,Yes,33094,Yes,04-09-2025
S154,Meera Joshi,17,M,11,Biology,Dr. Iyer,30-07-2025,83,6,56,A,Music,Yes,35402,No,03-09-2025
S155,Kabir Malhotra,15,F,9,Geography,Mr. Banerjee,13-07-2025,82,7,83,A+,Drama,Yes,35878,No,06-09-2025
S156,Divya Iyer,15,F,11,Mathematics,Dr. Iyer,05-07-2025,91,4,82,A+,Debate,No,36197,Yes,04-09-2025
S157,Ananya Sen,14,F,12,English,Mr. Verma,21-07-2025,91,8,95,B,Debate,Yes,35632,No,07-09-2025
S158,Manav Bhatia,17,F,11,Geography,Dr. Mehta,09-07-2025,79,9,74,B,Basketball,Yes,37911,Yes,10-09-2025
S159,Ritika Sharma,16,F,12,Geography,Mr. Verma,01-07-2025,92,10,81,B,Dance,Yes,32856,No,02-09-2025
S160,Manav Bhatia,18,M,12,Mathematics,Mr. Banerjee,27-07-2025,86,4,51,A+,Cricket,No,35204,No,08-09-2025
S161,Manav Bhatia,17,M,11,Mathematics,Dr. Mehta,01-07-2025,84,7,96,B,Dance,Yes,33482,No,02-09-2025
S162,Vikram Singh,16,M,10,English,Mr. Banerjee,25-07-2025,91,8,83,B,Drama,Yes,31509,Yes,02-09-2025
S163,Aarav Sharma,16,F,9,Chemistry,Mr. Banerjee,28-07-2025,88,6,75,C,Drama,No,32749,Yes,07-09-2025
S164,Sahil Khan,17,F,9,Physics,Dr. Mehta,09-07-2025,84,8,93,A+,Drama,Yes,37403,Yes,10-09-2025
S165,Neha Gupta,18,M,12,Chemistry,Dr. Iyer,01-07-2025,90,4,74,B+,Music,Yes,33949,Yes,01-09-2025
S166,Arjun Kapoor,15,M,10,Mathematics,Dr. Mehta,26-07-2025,99,10,51,A+,Debate,No,30530,Yes,11-09-2025
S167,Sahil Khan,16,F,11,Geography,Dr. Mehta,18-07-2025,78,9,95,A,Music,No,32666,Yes,06-09-2025
S168,Karan Patel,14,M,12,Geography,Mr. Banerjee,24-07-2025,75,5,70,A+,Music,No,32847,No,07-09-2025
S169,Ishaan Roy,14,F,9,Chemistry,Dr. Mehta,06-07-2025,75,10,73,A,Debate,No,33415,Yes,03-09-2025
S170,Nidhi Verma,18,M,11,Science,Mr. Verma,14-07-2025,76,9,61,A,Drama,Yes,30792,Yes,08-09-2025
S171,Arjun Kapoor,17,M,12,Chemistry,Ms. Sharma,02-07-2025,99,7,66,C,Drama,Yes,37342,Yes,10-09-2025
S172,Sanya Mehta,14,M,10,Biology,Dr. Mehta,30-07-2025,76,4,91,B+,Dance,Yes,31310,Yes,04-09-2025
S173,Kabir Malhotra,16,M,12,Physics,Dr. Iyer,27-07-2025,91,10,88,C,Music,Yes,32109,No,10-09-2025
S174,Priya Nair,14,F,12,Chemistry,Mr. Verma,20-07-2025,99,5,90,A+,Debate,No,35051,Yes,10-09-2025
S175,Sahil Khan,18,F,10,History,Mr. Verma,23-07-2025,81,10,100,A,Art,Yes,31676,Yes,10-09-2025
S176,Vikram Singh,16,F,12,English,Dr. Iyer,22-07-2025,89,6,90,B,Cricket,No,35060,No,11-09-2025
S177,Pooja Reddy,15,M,12,English,Dr. Mehta,04-07-2025,79,7,52,B,Debate,Yes,30911,No,08-09-2025
S178,Divya Iyer,15,M,12,Physics,Dr. Mehta,22-07-2025,76,8,93,B+,Debate,Yes,30274,No,02-09-2025
S179,Neha Gupta,16,M,9,History,Dr. Mehta,06-07-2025,86,4,80,A+,Music,Yes,35046,No,05-09-2025
S180,Sanya Mehta,17,F,12,Biology,Dr. Iyer,01-07-2025,100,7,87,A,Debate,No,31642,No,10-09-2025
S181,Ananya Sen,18,F,9,Geography,Ms. Kapoor,21-07-2025,88,5,99,B+,Drama,No,37271,No,05-09-2025
S182,Ishaan Roy,17,M,10,Biology,Ms. Sharma,10-07-2025,99,7,64,C,Football,Yes,32132,Yes,01-09-2025
S183,Rohan Das,14,M,10,Science,Mr. Verma,07-07-2025,82,5,83,C,Music,No,36994,Yes,04-09-2025
S184,Ishaan Roy,14,F,10,Geography,Dr. Iyer,22-07-2025,93,10,70,A,Football,No,35605,Yes,06-09-2025
S185,Ishaan Roy,15,M,10,Mathematics,Mr. Verma,06-07-2025,92,9,65,A,Cricket,Yes,37102,Yes,01-09-2025
S186,Karan Patel,14,F,10,History,Ms. Sharma,05-07-2025,98,10,59,C,Football,No,34852,No,10-09-2025
S187,Nidhi Verma,15,M,12,Geography,Ms. Kapoor,07-07-2025,96,5,73,A,Basketball,Yes,31542,No,04-09-2025
S188,Priya Nair,14,F,9,Chemistry,Mr. Banerjee,23-07-2025,96,8,57,C,Music,No,31843,Yes,01-09-2025
S189,Priya Nair,15,F,12,Biology,Dr. Mehta,23-07-2025,93,4,57,B,Basketball,No,35595,Yes,10-09-2025
S190,Neha Gupta,14,M,9,History,Dr. Mehta,11-07-2025,75,8,93,A+,Cricket,No,31746,No,05-09-2025
S191,Neha Gupta,16,F,12,History,Dr. Iyer,14-07-2025,87,7,81,B,Art,Yes,30039,Yes,11-09-2025
S192,Manav Bhatia,17,F,9,Biology,Dr. Iyer,14-07-2025,94,9,68,B+,Football,No,37503,Yes,01-09-2025
S193,Arjun Kapoor,16,F,11,Chemistry,Mr. Verma,07-07-2025,84,9,81,B,Art,Yes,30412,Yes,06-09-2025
S194,Priya Nair,14,F,10,Biology,Dr. Iyer,08-07-2025,86,7,59,A,Basketball,Yes,34889,No,03-09-2025
S195,Sahil Khan,16,F,10,Physics,Ms. Sharma,22-07-2025,83,5,76,B+,Cricket,Yes,36047,No,07-09-2025
S196,Meera Joshi,15,F,10,Biology,Mr. Verma,20-07-2025,99,5,83,A,Basketball,No,34430,Yes,05-09-2025
S197,Meera Joshi,16,M,10,Physics,Ms. Sharma,03-07-2025,98,5,82,C,Dance,No,31232,No,07-09-2025
S198,Priya Nair,17,F,9,English,Mr. Banerjee,19-07-2025,92,9,94,A,Basketball,No,30071,Yes,11-09-2025
S199,Neha Gupta,18,M,10,Mathematics,Dr. Iyer,19-07-2025,96,8,66,B+,Art,No,34254,No,01-09-2025
S200,Vikram Singh,18,F,12,History,Mr. Banerjee,19-07-2025,80,9,57,A,Art,Yes,30006,No,02-09-2025
S201,Divya Iyer,16,F,11,Biology,Ms. Sharma,07-07-2025,83,5,95,A+,Dance,No,35862,Yes,08-09-2025
S202,Ritika Sharma,15,F,12,History,Ms. Kapoor,24-07-2025,88,9,51,B+,Cricket,Yes,30686,No,08-09-2025
S203,Aarav Sharma,14,M,12,Mathematics,Ms. Sharma,03-07-2025,79,9,83,A+,Dance,No,30491,No,05-09-2025
S204,Ritika Sharma,14,M,12,Geography,Dr. Iyer,04-07-2025,95,8,87,A,Music,No,33837,No,03-09-2025
S205,Aditya Rao,17,F,9,English,Mr. Banerjee,11-07-2025,83,10,89,C,Football,Yes,32560,Yes,01-09-2025
S206,Pooja Reddy,17,M,12,Geography,Ms. Sharma,10-07-2025,91,5,70,A+,Cricket,No,37955,No,09-09-2025
S207,Sanya Mehta,18,M,10,Geography,Mr. Verma,26-07-2025,97,4,80,A,Dance,Yes,32121,No,05-09-2025
S208,Nidhi Verma,15,M,12,English,Dr. Mehta,30-07-2025,75,6,80,C,Football,No,34359,Yes,11-09-2025
S209,Sahil Khan,16,M,9,Geography,Mr. Verma,05-07-2025,87,9,69,A+,Football,No,31315,No,05-09-2025
S210,Meera Joshi,16,F,9,Science,Mr. Banerjee,08-07-2025,78,4,93,C,Dance,No,35878,No,03-09-2025
S211,Neha Gupta,18,F,11,Chemistry,Ms. Sharma,19-07-2025,98,6,50,C,Music,No,31881,Yes,05-09-2025
S212,Arjun Kapoor,18,F,10,Mathematics,Mr. Verma,12-07-2025,77,5,90,B+,Cricket,Yes,36864,No,06-09-2025
S213,Manav Bhatia,14,M,10,History,Dr. Iyer,10-07-2025,81,6,74,B,Basketball,Yes,37920,Yes,06-09-2025
S214,Ritika Sharma,17,M,10,Science,Ms. Sharma,08-07-2025,80,7,51,A+,Debate,No,36965,Yes,07-09-2025
S215,Aarav Sharma,16,M,10,Mathematics,Mr. Verma,16-07-2025,95,8,95,C,Music,Yes,37346,Yes,09-09-2025
S216,Priya Nair,16,M,9,Science,Mr. Banerjee,03-07-2025,86,9,72,B+,Cricket,Yes,34747,Yes,10-09-2025
S217,Neha Gupta,18,F,12,Biology,Dr. Mehta,22-07-2025,94,4,71,A+,Drama,No,37926,Yes,06-09-2025
S218,Ishaan Roy,15,M,11,English,Dr. Mehta,05-07-2025,79,9,69,B+,Basketball,Yes,30641,Yes,04-09-2025
S219,Sneha Chawla,14,M,10,History,Dr. Mehta,08-07-2025,88,6,81,A+,Drama,No,35085,No,05-09-2025
S220,Ritika Sharma,18,M,9,Chemistry,Dr. Iyer,18-07-2025,90,6,96,B+,Drama,Yes,31823,Yes,09-09-2025
S221,Sahil Khan,18,F,9,Science,Dr. Iyer,30-07-2025,82,10,93,B+,Cricket,Yes,32581,No,03-09-2025
S222,Ananya Sen,16,M,11,History,Ms. Sharma,17-07-2025,83,7,56,A,Art,No,33871,Yes,05-09-2025
S223,Vikram Singh,16,F,9,Physics,Dr. Iyer,11-07-2025,87,9,70,A,Basketball,No,37457,No,06-09-2025
S224,Aditya Rao,14,F,9,History,Dr. Iyer,14-07-2025,96,10,86,B,Dance,Yes,30542,No,06-09-2025
S225,Ritika Sharma,14,F,10,Biology,Ms. Kapoor,24-07-2025,90,8,85,A,Debate,No,36695,Yes,11-09-2025
S226,Divya Iyer,18,F,10,Geography,Dr. Mehta,18-07-2025,82,4,71,B,Dance,No,33759,No,03-09-2025
S227,Manav Bhatia,14,F,11,Geography,Dr. Mehta,16-07-2025,76,7,79,A,Dance,Yes,37064,No,03-09-2025
S228,Ananya Sen,18,F,10,English,Dr. Mehta,29-07-2025,90,10,65,B,Football,Yes,37620,No,05-09-2025
S229,Aarav Sharma,17,F,9,English,Ms. Sharma,25-07-2025,86,4,81,A+,Basketball,No,30048,No,03-09-2025
S230,Vikram Singh,16,F,10,English,Mr. Verma,12-07-2025,89,6,71,A+,Music,Yes,32792,No,10-09-2025
S231,Neha Gupta,18,F,11,Science,Mr. Banerjee,05-07-2025,85,4,57,C,Debate,No,31719,Yes,03-09-2025
S232,Nidhi Verma,15,F,11,History,Dr. Mehta,20-07-2025,93,4,68,B+,Debate,Yes,34882,Yes,02-09-2025
S233,Ishaan Roy,16,M,12,Biology,Ms. Sharma,08-07-2025,81,10,83,A+,Music,Yes,35870,No,06-09-2025
S234,Neha Gupta,16,M,10,History,Ms. Kapoor,25-07-2025,90,7,51,B,Drama,No,35891,Yes,04-09-2025
S235,Ananya Sen,18,F,12,Mathematics,Dr. Iyer,16-07-2025,78,10,77,A+,Music,Yes,32631,Yes,03-09-2025
S236,Priya Nair,16,M,12,Science,Mr. Verma,14-07-2025,95,7,93,B,Football,Yes,30665,No,11-09-2025
S237,Meera Joshi,17,F,10,Geography,Ms. Kapoor,11-07-2025,76,9,66,A+,Music,Yes,36774,Yes,08-09-2025
S238,Karan Patel,14,F,11,Biology,Mr. Banerjee,06-07-2025,87,10,50,B+,Drama,Yes,37369,No,09-09-2025
S239,Sahil Khan,14,M,12,Biology,Ms. Kapoor,17-07-2025,100,9,80,A+,Music,No,32199,No,02-09-2025
S240,Manav Bhatia,17,M,9,Mathematics,Mr. Banerjee,09-07-2025,86,6,86,B,Dance,Yes,32835,Yes,02-09-2025
S241,Sanya Mehta,18,M,10,Physics,Mr. Verma,30-07-2025,79,7,100,A,Art,Yes,37157,Yes,07-09-2025
S242,Nidhi Verma,18,M,11,Biology,Ms. Sharma,09-07-2025,98,4,50,C,Drama,Yes,35252,No,04-09-2025
S243,Ananya Sen,16,F,12,Science,Ms. Kapoor,12-07-2025,96,9,50,C,Debate,No,32388,No,11-09-2025
S244,Sanya Mehta,18,M,12,History,Dr. Iyer,27-07-2025,76,5,61,A,Basketball,Yes,34644,No,05-09-2025
S245,Divya Iyer,16,M,12,Biology,Ms. Sharma,10-07-2025,88,5,62,B,Music,Yes,33181,Yes,11-09-2025
S246,Ritika Sharma,16,M,10,Chemistry,Ms. Kapoor,01-07-2025,75,8,50,A,Dance,Yes,30194,No,01-09-2025
S247,Vikram Singh,15,F,10,Physics,Dr. Mehta,03-07-2025,95,6,63,A,Debate,No,30674,Yes,10-09-2025
S248,Sneha Chawla,15,F,11,Geography,Dr. Iyer,26-07-2025,83,10,98,A+,Football,Yes,30153,No,05-09-2025
S249,Ananya Sen,15,M,9,Science,Dr. Mehta,10-07-2025,78,7,81,A,Football,Yes,32201,Yes,05-09-2025
S250,Sanya Mehta,16,F,12,History,Ms. Kapoor,04-07-2025,90,5,87,B+,Dance,No,35361,Yes,07-09-2025
S251,Aditya Rao,17,M,10,Biology,Mr. Verma,06-07-2025,91,4,60,B,Dance,Yes,30959,No,03-09-2025
S252,Neha Gupta,17,M,11,Mathematics,Dr. Iyer,07-07-2025,81,4,55,B+,Cricket,Yes,34578,Yes,03-09-2025
S253,Ishaan Roy,14,F,10,Geography,Dr. Mehta,04-07-2025,93,5,68,A+,Debate,Yes,35636,No,01-09-2025
S254,Sanya Mehta,18,F,10,Physics,Dr. Mehta,26-07-2025,89,9,59,B,Dance,No,30857,Yes,04-09-2025
S255,Ritika Sharma,14,M,9,Biology,Mr. Banerjee,15-07-2025,87,9,57,C,Debate,No,30475,Yes,05-09-2025
S256,Neha Gupta,18,F,11,Science,Ms. Kapoor,14-07-2025,85,10,64,A,Art,No,34261,No,09-09-2025
S257,Priya Nair,15,M,10,English,Ms. Sharma,11-07-2025,96,9,62,B+,Debate,No,37114,Yes,02-09-2025
S258,Sahil Khan,18,F,11,Science,Mr. Verma,04-07-2025,79,10,91,A,Cricket,Yes,35454,Yes,11-09-2025
S259,Sahil Khan,18,M,10,Mathematics,Mr. Banerjee,01-07-2025,77,8,71,B,Football,Yes,36741,Yes,09-09-2025
S260,Aditya Rao,15,F,9,Mathematics,Dr. Iyer,04-07-2025,97,5,67,A+,Basketball,Yes,31658,No,03-09-2025
S261,Ananya Sen,16,M,10,English,Ms. Kapoor,25-07-2025,78,9,56,C,Art,No,32055,Yes,04-09-2025
S262,Divya Iyer,14,F,10,History,Ms. Sharma,03-07-2025,81,8,59,B,Art,Yes,35072,No,10-09-2025
S263,Vikram Singh,14,F,9,Physics,Dr. Iyer,28-07-2025,84,7,58,A,Basketball,No,31640,No,03-09-2025
S264,Kabir Malhotra,14,F,12,History,Dr. Iyer,14-07-2025,89,7,97,B,Dance,No,36465,No,04-09-2025
S265,Karan Patel,14,M,10,Science,Mr. Verma,22-07-2025,82,9,81,C,Debate,Yes,34969,No,05-09-2025
S266,Sneha Chawla,17,M,10,Biology,Ms. Sharma,23-07-2025,92,7,65,C,Debate,No,36595,Yes,01-09-2025
S267,Aditya Rao,18,M,11,English,Dr. Iyer,13-07-2025,87,10,55,B,Debate,No,37426,No,07-09-2025
S268,Rohan Das,18,M,9,Physics,Dr. Mehta,22-07-2025,99,5,72,A,Art,Yes,34417,No,03-09-2025
S269,Kabir Malhotra,14,M,9,English,Mr. Banerjee,21-07-2025,80,6,73,A+,Art,No,30909,No,05-09-2025
S270,Divya Iyer,17,M,10,Mathematics,Ms. Kapoor,03-07-2025,100,5,85,B,Basketball,No,35016,Yes,09-09-2025
S271,Sneha Chawla,14,M,10,English,Mr. Verma,19-07-2025,96,10,82,C,Music,Yes,35292,Yes,11-09-2025
S272,Neha Gupta,16,F,12,Geography,Mr. Banerjee,07-07-2025,80,7,60,B+,Dance,No,35286,Yes,03-09-2025
S273,Ishaan Roy,18,F,11,English,Dr. Mehta,12-07-2025,81,8,79,A+,Football,Yes,37542,No,02-09-2025
S274,Karan Patel,16,M,10,Geography,Mr. Banerjee,10-07-2025,79,9,54,B,Debate,Yes,35882,Yes,03-09-2025
S275,Arjun Kapoor,16,M,9,Chemistry,Mr. Banerjee,20-07-2025,97,10,67,B,Drama,No,36585,Yes,11-09-2025
S276,Kabir Malhotra,17,M,10,Physics,Mr. Verma,11-07-2025,92,7,72,B,Football,No,33353,Yes,01-09-2025
S277,Nidhi Verma,16,M,12,Chemistry,Dr. Mehta,25-07-2025,89,5,86,A,Drama,No,37379,Yes,10-09-2025
S278,Kabir Malhotra,15,M,9,Physics,Dr. Mehta,03-07-2025,91,10,53,B+,Drama,Yes,32261,Yes,04-09-2025
S279,Vikram Singh,14,F,10,Biology,Ms. Sharma,06-07-2025,84,9,98,B+,Basketball,No,35600,No,03-09-2025
S280,Karan Patel,17,F,10,English,Mr. Verma,27-07-2025,88,5,65,A,Debate,No,37773,Yes,10-09-2025
S281,Vikram Singh,18,F,12,History,Ms. Sharma,05-07-2025,94,6,97,A,Music,No,37861,Yes,02-09-2025
S282,Ritika Sharma,18,M,9,Mathematics,Ms. Kapoor,13-07-2025,83,4,68,B,Music,No,33469,No,10-09-2025
S283,Karan Patel,18,F,9,Chemistry,Dr. Mehta,12-07-2025,95,8,80,A,Debate,Yes,36385,Yes,02-09-2025
S284,Nidhi Verma,17,F,10,Biology,Dr. Iyer,10-07-2025,91,9,83,A+,Dance,No,36281,No,02-09-2025
S285,Pooja Reddy,17,M,9,Science,Ms. Kapoor,23-07-2025,88,5,98,A,Basketball,No,30989,No,09-09-2025
S286,Arjun Kapoor,14,F,10,Science,Ms. Kapoor,07-07-2025,89,6,91,C,Dance,No,32674,No,07-09-2025
S287,Ananya Sen,16,M,12,History,Ms. Sharma,05-07-2025,80,9,70,B,Basketball,No,37392,No,07-09-2025
S288,Pooja Reddy,14,F,9,Science,Dr. Mehta,04-07-2025,94,6,100,A,Drama,No,36682,No,07-09-2025
S289,Nidhi Verma,15,M,10,Biology,Dr. Mehta,01-07-2025,81,10,94,C,Cricket,No,33583,No,06-09-2025
S290,Vikram Singh,17,M,9,English,Mr. Verma,07-07-2025,92,4,80,B+,Drama,No,34318,No,02-09-2025
S291,Vikram Singh,17,F,11,Chemistry,Dr. Mehta,05-07-2025,84,4,84,B,Art,Yes,35177,No,10-09-2025
S292,Nidhi Verma,17,F,12,Physics,Mr. Banerjee,10-07-2025,75,9,64,B+,Dance,Yes,30713,No,04-09-2025
S293,Manav Bhatia,15,M,10,Chemistry,Ms. Sharma,11-07-2025,97,8,72,B,Basketball,No,32652,Yes,01-09-2025
S294,Ananya Sen,16,F,9,Science,Ms. Kapoor,27-07-2025,78,7,94,A,Dance,Yes,34319,No,06-09-2025
S295,Rohan Das,14,F,11,Science,Dr. Mehta,10-07-2025,86,6,96,B+,Football,Yes,30355,No,04-09-2025
S296,Sanya Mehta,15,F,11,Mathematics,Mr. Banerjee,15-07-2025,83,9,76,B+,Drama,Yes,37719,No,01-09-2025
S297,Divya Iyer,17,M,10,Chemistry,Mr. Banerjee,27-07-2025,100,9,96,B+,Debate,Yes,37743,Yes,11-09-2025
S298,Ritika Sharma,15,F,11,History,Dr. Mehta,14-07-2025,75,8,80,A,Dance,Yes,37693,Yes,09-09-2025
S299,Arjun Kapoor,16,F,12,Geography,Ms. Kapoor,15-07-2025,77,5,58,B+,Cricket,Yes,32766,No,03-09-2025
S300,Rohan Das,16,F,10,English,Mr. Verma,16-07-2025,85,6,57,A+,Football,Yes,32281,No,02-09-2025
S301,Sneha Chawla,16,M,9,Science,Mr. Banerjee,20-07-2025,92,4,81,A+,Music,Yes,37965,No,05-09-2025
S302,Karan Patel,16,F,10,Science,Ms. Sharma,10-07-2025,98,6,68,B,Football,No,32530,Yes,02-09-2025
S303,Kabir Malhotra,17,M,9,Biology,Mr. Verma,30-07-2025,83,4,68,B+,Football,Yes,35562,No,03-09-2025
S304,Rohan Das,14,M,10,Physics,Ms. Sharma,30-07-2025,100,10,71,B,Music,No,31973,Yes,08-09-2025
S305,Nidhi Verma,16,M,9,Chemistry,Dr. Iyer,26-07-2025,92,7,95,A+,Drama,Yes,31436,No,08-09-2025
S306,Sanya Mehta,16,M,10,Science,Mr. Verma,07-07-2025,86,5,94,A+,Football,No,30589,Yes,10-09-2025
S307,Sahil Khan,14,M,9,History,Dr. Mehta,30-07-2025,82,8,63,B,Music,No,36035,Yes,09-09-2025
S308,Manav Bhatia,18,M,9,Science,Ms. Kapoor,25-07-2025,90,8,78,C,Basketball,No,34188,Yes,10-09-2025
S309,Ritika Sharma,15,F,9,Mathematics,Dr. Mehta,27-07-2025,96,9,99,B+,Music,No,31664,No,06-09-2025
S310,Manav Bhatia,17,M,10,Geography,Mr. Banerjee,07-07-2025,89,5,57,B,Dance,No,30863,No,04-09-2025
S311,Sanya Mehta,14,F,11,Science,Dr. Iyer,15-07-2025,83,9,84,C,Music,Yes,34776,No,01-09-2025
S312,Ritika Sharma,18,F,10,Mathematics,Ms. Sharma,05-07-2025,90,6,74,B+,Art,Yes,30907,No,11-09-2025
S313,Rohan Das,18,F,10,Science,Mr. Banerjee,08-07-2025,75,8,83,B+,Debate,No,35344,No,06-09-2025
S314,Manav Bhatia,16,F,11,Geography,Mr. Verma,27-07-2025,83,4,99,A+,Drama,Yes,34166,Yes,07-09-2025
S315,Divya Iyer,14,F,9,Physics,Dr. Mehta,07-07-2025,89,10,52,B+,Drama,Yes,34211,No,06-09-2025
S316,Pooja Reddy,18,M,10,English,Dr. Mehta,04-07-2025,90,4,72,A+,Cricket,No,34421,Yes,11-09-2025
S317,Karan Patel,15,F,10,Geography,Dr. Mehta,10-07-2025,85,6,83,A+,Dance,Yes,34424,No,05-09-2025
S318,Ishaan Roy,18,M,10,Geography,Ms. Sharma,27-07-2025,95,5,83,B+,Football,No,31146,Yes,09-09-2025
S319,Nidhi Verma,16,M,10,Mathematics,Dr. Mehta,30-07-2025,79,8,52,A,Football,Yes,35273,No,11-09-2025
S320,Priya Nair,18,M,12,History,Mr. Verma,06-07-2025,96,5,83,B+,Dance,No,31987,Yes,10-09-2025
S321,Manav Bhatia,17,M,12,History,Mr. Verma,11-07-2025,98,7,70,B,Cricket,Yes,30065,No,05-09-2025
S322,Nidhi Verma,18,F,12,Biology,Dr. Iyer,29-07-2025,84,5,81,B,Cricket,Yes,33955,No,06-09-2025
S323,Divya Iyer,18,M,11,Mathematics,Ms. Sharma,17-07-2025,90,4,63,C,Debate,Yes,35315,Yes,09-09-2025
S324,Arjun Kapoor,15,F,9,Biology,Mr. Banerjee,05-07-2025,94,10,54,C,Debate,Yes,37012,No,03-09-2025
S325,Sanya Mehta,17,M,11,Geography,Mr. Verma,18-07-2025,96,4,85,B,Debate,No,37120,Yes,02-09-2025
S326,Priya Nair,14,F,12,Geography,Ms. Kapoor,23-07-2025,88,7,85,A+,Dance,No,32922,No,02-09-2025
S327,Aditya Rao,17,F,10,Science,Dr. Iyer,22-07-2025,80,10,93,C,Football,Yes,30069,No,02-09-2025
S328,Divya Iyer,17,M,10,History,Dr. Iyer,26-07-2025,91,8,56,A+,Cricket,No,31536,No,10-09-2025
S329,Priya Nair,16,M,9,Physics,Ms. Sharma,30-07-2025,75,7,77,C,Dance,No,37810,No,10-09-2025
S330,Ishaan Roy,16,M,9,Science,Mr. Banerjee,21-07-2025,94,9,85,A,Debate,Yes,35744,No,07-09-2025
S331,Meera Joshi,17,F,11,Mathematics,Dr. Mehta,27-07-2025,81,7,91,A+,Drama,No,35968,Yes,06-09-2025
S332,Vikram Singh,16,F,11,Chemistry,Mr. Verma,23-07-2025,89,6,60,A,Cricket,Yes,30005,No,04-09-2025
S333,Rohan Das,16,M,11,Physics,Mr. Banerjee,26-07-2025,97,8,54,B,Cricket,Yes,30797,Yes,08-09-2025
S334,Aarav Sharma,17,M,10,Mathematics,Mr. Verma,13-07-2025,98,6,73,B+,Music,Yes,34568,Yes,05-09-2025
S335,Ritika Sharma,17,M,11,Biology,Mr. Banerjee,29-07-2025,87,8,73,B+,Dance,Yes,36812,Yes,11-09-2025
S336,Manav Bhatia,15,M,9,Biology,Mr. Verma,01-07-2025,88,6,78,B+,Drama,No,30559,No,09-09-2025
S337,Aditya Rao,14,M,10,Physics,Ms. Kapoor,17-07-2025,83,5,55,A,Music,No,32603,Yes,03-09-2025
S338,Priya Nair,15,M,11,Physics,Ms. Kapoor,30-07-2025,79,7,100,A+,Dance,Yes,31727,No,06-09-2025
S339,Priya Nair,17,M,9,Science,Ms. Sharma,29-07-2025,81,5,51,C,Basketball,Yes,32927,No,09-09-2025
S340,Aditya Rao,16,M,12,English,Dr. Iyer,27-07-2025,100,9,78,A+,Football,Yes,35215,Yes,07-09-2025
S341,Rohan Das,16,M,10,Science,Ms. Kapoor,20-07-2025,85,10,80,B,Cricket,Yes,32605,No,10-09-2025
S342,Neha Gupta,14,F,11,Science,Mr. Banerjee,30-07-2025,85,9,61,A,Football,Yes,36554,Yes,07-09-2025
S343,Aarav Sharma,14,F,9,Geography,Ms. Sharma,21-07-2025,94,5,82,C,Dance,Yes,36101,Yes,10-09-2025
S344,Sneha Chawla,14,F,10,Mathematics,Ms. Sharma,07-07-2025,98,4,52,C,Cricket,Yes,31859,No,08-09-2025
S345,Ananya Sen,14,F,12,Physics,Ms. Sharma,24-07-2025,77,6,93,B+,Dance,Yes,37290,Yes,09-09-2025
S346,Ritika Sharma,17,F,9,Mathematics,Dr. Mehta,04-07-2025,88,7,63,C,Football,No,35513,No,02-09-2025
S347,Arjun Kapoor,14,F,10,Chemistry,Ms. Sharma,05-07-2025,91,7,51,A+,Dance,No,37535,Yes,04-09-2025
S348,Nidhi Verma,16,M,10,Chemistry,Dr. Mehta,12-07-2025,84,4,82,A,Basketball,No,36429,Yes,06-09-2025
S349,Neha Gupta,15,F,10,Science,Dr. Mehta,08-07-2025,89,10,62,A,Cricket,No,33458,Yes,05-09-2025
S350,Meera Joshi,16,F,12,Mathematics,Dr. Iyer,05-07-2025,87,5,94,B+,Dance,Yes,35228,No,05-09-2025
S351,Aarav Sharma,15,F,12,Geography,Mr. Banerjee,17-07-2025,80,10,58,C,Art,Yes,37648,Yes,03-09-2025
S352,Sanya Mehta,18,F,10,Mathematics,Ms. Kapoor,03-07-2025,76,8,86,C,Music,No,31274,No,10-09-2025
S353,Priya Nair,17,M,9,History,Dr. Mehta,18-07-2025,96,10,69,B,Cricket,Yes,34952,No,01-09-2025
S354,Divya Iyer,15,F,11,Science,Mr. Banerjee,09-07-2025,85,9,51,A,Music,No,36076,No,01-09-2025
S355,Karan Patel,18,M,10,Mathematics,Mr. Banerjee,16-07-2025,97,5,88,C,Dance,No,30073,No,07-09-2025
S356,Sahil Khan,14,M,12,English,Mr. Banerjee,26-07-2025,76,5,72,B+,Dance,No,32951,No,02-09-2025
S357,Rohan Das,17,M,12,Chemistry,Ms. Sharma,12-07-2025,77,5,99,B,Dance,No,37703,No,09-09-2025
S358,Nidhi Verma,17,M,11,Geography,Ms. Kapoor,10-07-2025,75,9,89,B,Basketball,Yes,33328,No,02-09-2025
S359,Arjun Kapoor,16,M,9,Biology,Mr. Banerjee,02-07-2025,76,9,95,B,Football,Yes,34328,Yes,10-09-2025
S360,Sanya Mehta,16,M,11,English,Ms. Sharma,20-07-2025,78,4,76,B,Basketball,No,34733,No,03-09-2025
S361,Sneha Chawla,15,F,11,History,Mr. Banerjee,16-07-2025,97,6,100,A,Dance,No,30581,Yes,06-09-2025
S362,Arjun Kapoor,17,F,12,English,Ms. Sharma,14-07-2025,92,6,87,B+,Football,No,31629,Yes,07-09-2025
S363,Ananya Sen,17,M,11,History,Mr. Verma,10-07-2025,99,10,70,A,Debate,Yes,37232,Yes,04-09-2025
S364,Priya Nair,18,F,11,Mathematics,Ms. Kapoor,30-07-2025,76,4,74,B+,Dance,Yes,31949,No,07-09-2025
S365,Sanya Mehta,14,M,9,Mathematics,Dr. Iyer,13-07-2025,84,4,50,A+,Drama,Yes,36417,Yes,01-09-2025
S366,Neha Gupta,15,F,10,Mathematics,Dr. Iyer,07-07-2025,89,10,97,C,Basketball,Yes,33680,Yes,02-09-2025
S367,Meera Joshi,14,M,12,Biology,Ms. Kapoor,20-07-2025,82,6,82,B+,Debate,Yes,34307,Yes,11-09-2025
S368,Ishaan Roy,14,M,12,History,Mr. Verma,04-07-2025,84,10,56,B+,Dance,Yes,30942,Yes,02-09-2025
S369,Ishaan Roy,14,F,10,English,Ms. Kapoor,18-07-2025,99,5,52,A+,Cricket,Yes,30725,No,08-09-2025
S370,Meera Joshi,18,M,12,Biology,Dr. Mehta,28-07-2025,88,7,58,C,Cricket,Yes,33726,Yes,07-09-2025
S371,Aarav Sharma,15,M,10,Physics,Mr. Banerjee,29-07-2025,92,6,91,B,Basketball,Yes,35349,No,01-09-2025
S372,Divya Iyer,16,M,12,Geography,Dr. Iyer,02-07-2025,93,5,72,B+,Dance,Yes,37588,Yes,11-09-2025
S373,Pooja Reddy,16,F,11,Geography,Mr. Banerjee,19-07-2025,92,8,83,B,Art,No,37641,Yes,10-09-2025
S374,Ishaan Roy,17,F,10,Chemistry,Dr. Iyer,22-07-2025,83,10,98,B,Debate,Yes,36293,No,10-09-2025
S375,Nidhi Verma,18,M,10,Mathematics,Dr. Iyer,27-07-2025,86,10,58,A,Debate,No,35600,Yes,10-09-2025
S376,Sanya Mehta,17,F,10,History,Mr. Verma,04-07-2025,85,6,97,B+,Drama,Yes,34901,No,09-09-2025
S377,Sneha Chawla,17,M,9,Science,Dr. Iyer,28-07-2025,78,7,50,C,Music,Yes,32321,No,07-09-2025
S378,Aarav Sharma,14,M,12,History,Dr. Mehta,30-07-2025,92,4,72,B,Basketball,No,31841,Yes,05-09-2025
S379,Ritika Sharma,16,F,12,English,Ms. Kapoor,19-07-2025,96,4,88,B+,Dance,No,36635,Yes,11-09-2025
S380,Ritika Sharma,18,M,9,Mathematics,Ms. Kapoor,18-07-2025,86,5,98,C,Football,No,31388,No,03-09-2025
S381,Sanya Mehta,17,F,10,Chemistry,Dr. Mehta,01-07-2025,79,10,73,B+,Debate,No,35619,No,09-09-2025
S382,Sanya Mehta,14,M,12,Biology,Ms. Sharma,22-07-2025,86,10,98,A,Basketball,No,30225,Yes,11-09-2025
S383,Kabir Malhotra,16,M,10,Science,Mr. Banerjee,25-07-2025,91,4,72,A,Football,No,34149,Yes,02-09-2025
S384,Manav Bhatia,15,M,11,Mathematics,Ms. Sharma,19-07-2025,94,6,87,A+,Dance,No,36399,Yes,04-09-2025
S385,Kabir Malhotra,15,M,12,Biology,Ms. Sharma,10-07-2025,80,5,97,B+,Cricket,Yes,31475,No,06-09-2025
S386,Meera Joshi,15,M,9,Physics,Ms. Sharma,09-07-2025,79,9,94,B+,Music,Yes,33644,Yes,07-09-2025
S387,Pooja Reddy,17,F,10,Mathematics,Dr. Iyer,30-07-2025,93,9,80,B,Football,No,33219,Yes,01-09-2025
S388,Ananya Sen,14,F,9,Mathematics,Ms. Kapoor,27-07-2025,92,7,73,C,Cricket,Yes,33458,No,01-09-2025
S389,Sanya Mehta,14,M,11,English,Mr. Banerjee,21-07-2025,81,7,90,A,Art,Yes,34114,No,04-09-2025
S390,Pooja Reddy,18,F,9,Geography,Ms. Sharma,09-07-2025,80,6,61,C,Drama,No,31750,Yes,04-09-2025
S391,Priya Nair,16,M,11,Chemistry,Mr. Banerjee,24-07-2025,89,6,60,A,Dance,No,33049,No,04-09-2025
S392,Karan Patel,14,F,12,Geography,Ms. Kapoor,18-07-2025,77,5,71,B,Basketball,No,34459,No,02-09-2025
S393,Sanya Mehta,17,M,12,Science,Mr. Verma,20-07-2025,98,6,84,B+,Football,Yes,33967,No,07-09-2025
S394,Ritika Sharma,18,F,10,Science,Ms. Kapoor,30-07-2025,76,9,64,B,Dance,No,36991,No,07-09-2025
S395,Priya Nair,14,M,12,English,Mr. Verma,26-07-2025,98,9,55,A,Cricket,No,35906,No,02-09-2025
S396,Kabir Malhotra,17,M,11,Science,Mr. Banerjee,03-07-2025,83,9,79,B+,Art,No,36859,Yes,07-09-2025
S397,Arjun Kapoor,14,F,12,History,Mr. Verma,20-07-2025,75,9,74,C,Drama,No,32951,Yes,01-09-2025
S398,Pooja Reddy,16,M,11,English,Ms. Kapoor,27-07-2025,83,4,90,C,Music,Yes,30006,No,07-09-2025
S399,Arjun Kapoor,17,M,12,History,Dr. Iyer,28-07-2025,76,10,50,C,Art,No,30209,Yes,09-09-2025
S400,Ananya Sen,15,F,11,Biology,Ms. Sharma,17-07-2025,84,8,58,A+,Basketball,Yes,32810,Yes,03-09-2025
S401,Sanya Mehta,17,M,11,Physics,Mr. Banerjee,22-07-2025,78,5,97,B+,Drama,No,37064,No,06-09-2025
S402,Arjun Kapoor,17,F,12,Biology,Dr. Iyer,07-07-2025,79,10,64,B,Basketball,Yes,34969,Yes,10-09-2025
S403,Sahil Khan,15,M,12,History,Ms. Sharma,28-07-2025,94,4,57,A,Debate,No,31218,No,02-09-2025
S404,Neha Gupta,16,F,9,Geography,Mr. Banerjee,06-07-2025,75,8,81,A,Basketball,No,33774,No,08-09-2025
S405,Priya Nair,14,M,10,Mathematics,Ms. Kapoor,27-07-2025,97,7,94,A+,Music,Yes,35991,No,06-09-2025
S406,Aditya Rao,18,M,10,Science,Mr. Banerjee,10-07-2025,80,6,94,A+,Dance,No,37503,Yes,09-09-2025
S407,Sanya Mehta,14,M,10,Mathematics,Mr. Banerjee,23-07-2025,87,5,78,B+,Art,Yes,35996,No,08-09-2025
S408,Karan Patel,16,M,10,Mathematics,Ms. Sharma,25-07-2025,91,7,81,B,Football,Yes,30040,No,02-09-2025
S409,Meera Joshi,14,F,11,Geography,Dr. Iyer,25-07-2025,77,6,68,A+,Football,No,33803,Yes,08-09-2025
S410,Divya Iyer,18,M,12,Geography,Ms. Kapoor,30-07-2025,89,10,57,A,Music,Yes,34556,No,03-09-2025
S411,Aarav Sharma,17,F,9,History,Dr. Iyer,16-07-2025,93,10,70,B,Cricket,Yes,34786,Yes,05-09-2025
S412,Kabir Malhotra,14,M,12,Chemistry,Dr. Iyer,21-07-2025,75,5,86,B,Dance,No,36152,Yes,01-09-2025
S413,Meera Joshi,16,M,9,Chemistry,Dr. Mehta,27-07-2025,78,6,55,A+,Cricket,No,30413,Yes,03-09-2025
S414,Divya Iyer,15,M,12,Mathematics,Ms. Sharma,24-07-2025,97,5,61,B,Debate,No,32526,No,11-09-2025
S415,Pooja Reddy,18,F,9,English,Dr. Iyer,05-07-2025,76,8,86,B,Music,No,31214,No,11-09-2025
S416,Ananya Sen,18,M,11,Chemistry,Dr. Mehta,28-07-2025,90,8,82,A+,Music,No,31220,No,08-09-2025
S417,Karan Patel,16,M,11,Mathematics,Mr. Verma,13-07-2025,76,6,54,B+,Debate,Yes,35022,No,01-09-2025
S418,Ananya Sen,14,F,12,Geography,Dr. Mehta,13-07-2025,85,10,97,C,Art,Yes,35483,Yes,02-09-2025
S419,Aditya Rao,16,F,9,Physics,Ms. Sharma,16-07-2025,99,6,85,A,Cricket,No,37131,No,02-09-2025
S420,Arjun Kapoor,15,M,9,Biology,Dr. Iyer,13-07-2025,98,6,55,B,Art,No,33712,Yes,03-09-2025
S421,Vikram Singh,14,M,9,History,Mr. Banerjee,12-07-2025,96,9,54,A,Music,Yes,30908,No,10-09-2025
S422,Manav Bhatia,16,M,9,Chemistry,Ms. Kapoor,20-07-2025,92,7,98,A,Debate,Yes,31400,No,01-09-2025
S423,Ritika Sharma,16,M,9,Geography,Mr. Banerjee,19-07-2025,76,10,72,C,Art,No,33525,Yes,08-09-2025
S424,Meera Joshi,15,M,12,Physics,Mr. Banerjee,15-07-2025,80,10,71,A,Art,No,30245,Yes,11-09-2025
S425,Vikram Singh,16,F,9,Geography,Dr. Iyer,20-07-2025,78,6,87,B,Dance,Yes,37282,No,04-09-2025
S426,Ishaan Roy,17,F,9,Mathematics,Dr. Iyer,19-07-2025,79,4,83,C,Cricket,No,32536,No,05-09-2025
S427,Vikram Singh,16,F,9,English,Mr. Verma,22-07-2025,93,9,79,B+,Debate,No,36628,Yes,04-09-2025
S428,Priya Nair,17,F,12,Geography,Ms. Sharma,15-07-2025,75,10,67,A,Football,No,32607,No,11-09-2025
S429,Aarav Sharma,16,F,12,Physics,Ms. Sharma,30-07-2025,85,10,55,A,Music,Yes,37068,No,01-09-2025
S430,Ishaan Roy,14,M,11,History,Ms. Sharma,11-07-2025,75,9,72,A,Drama,No,33727,Yes,05-09-2025
S431,Sahil Khan,18,F,11,History,Mr. Banerjee,19-07-2025,86,9,77,A,Music,No,35658,Yes,01-09-2025
S432,Ritika Sharma,14,M,12,History,Ms. Sharma,29-07-2025,98,5,68,A+,Debate,No,34514,Yes,01-09-2025
S433,Aarav Sharma,18,F,11,English,Ms. Kapoor,07-07-2025,78,9,51,C,Dance,Yes,31434,No,07-09-2025
S434,Pooja Reddy,14,M,12,English,Ms. Kapoor,14-07-2025,85,9,60,B+,Basketball,No,35020,No,08-09-2025
S435,Aarav Sharma,18,M,10,English,Mr. Verma,13-07-2025,76,5,96,B,Art,No,31793,No,07-09-2025
S436,Pooja Reddy,17,F,10,Chemistry,Ms. Kapoor,28-07-2025,88,10,63,C,Football,No,31867,Yes,09-09-2025
S437,Priya Nair,15,M,9,Physics,Dr. Mehta,26-07-2025,87,5,83,A+,Cricket,No,37887,No,05-09-2025
S438,Arjun Kapoor,14,M,12,Biology,Ms. Sharma,14-07-2025,88,10,84,A,Dance,No,30516,No,06-09-2025
S439,Arjun Kapoor,17,F,11,Physics,Ms. Sharma,06-07-2025,98,6,99,B,Dance,Yes,32681,No,04-09-2025
S440,Divya Iyer,15,M,10,Science,Ms. Sharma,07-07-2025,90,7,64,B,Music,Yes,33346,Yes,06-09-2025
S441,Sanya Mehta,15,M,12,Chemistry,Ms. Kapoor,29-07-2025,95,7,79,C,Art,Yes,31820,No,11-09-2025
S442,Nidhi Verma,15,F,10,Geography,Mr. Banerjee,20-07-2025,99,4,99,C,Drama,No,36587,No,04-09-2025
S443,Meera Joshi,16,F,10,Science,Dr. Iyer,28-07-2025,90,9,94,A,Football,Yes,37746,Yes,09-09-2025
S444,Aarav Sharma,14,M,9,Physics,Dr. Mehta,22-07-2025,86,9,58,A+,Football,Yes,35618,No,08-09-2025
S445,Karan Patel,16,F,11,Geography,Dr. Iyer,30-07-2025,95,4,74,C,Cricket,Yes,34594,No,04-09-2025
S446,Aarav Sharma,15,F,12,Geography,Dr. Mehta,21-07-2025,83,4,71,B+,Basketball,No,32974,No,06-09-2025
S447,Priya Nair,14,M,12,Geography,Ms. Kapoor,05-07-2025,94,5,84,C,Football,Yes,35004,No,08-09-2025
S448,Manav Bhatia,17,F,9,Biology,Dr. Mehta,28-07-2025,78,9,57,B,Debate,No,34622,Yes,08-09-2025
S449,Ananya Sen,17,F,9,Geography,Mr. Verma,10-07-2025,81,4,79,C,Football,Yes,37274,Yes,06-09-2025
S450,Sanya Mehta,18,F,12,Physics,Mr. Verma,17-07-2025,84,5,100,B+,Cricket,No,33935,Yes,10-09-2025
S451,Sanya Mehta,16,F,11,English,Mr. Banerjee,23-07-2025,77,7,84,B,Cricket,No,34097,No,04-09-2025
S452,Pooja Reddy,18,M,10,Chemistry,Ms. Kapoor,05-07-2025,96,10,87,C,Cricket,No,36079,Yes,04-09-2025
S453,Ishaan Roy,16,F,10,History,Ms. Sharma,11-07-2025,82,7,79,A+,Debate,Yes,35551,Yes,04-09-2025
S454,Nidhi Verma,18,M,11,Science,Dr. Mehta,23-07-2025,94,9,51,C,Cricket,No,33278,Yes,10-09-2025
S455,Kabir Malhotra,18,F,9,Biology,Dr. Iyer,24-07-2025,75,4,65,C,Cricket,No,35622,Yes,01-09-2025
S456,Ishaan Roy,16,F,12,Geography,Mr. Banerjee,15-07-2025,82,5,76,B,Art,Yes,35612,No,01-09-2025
S457,Manav Bhatia,18,F,10,English,Mr. Banerjee,07-07-2025,77,5,87,A,Drama,Yes,37172,No,03-09-2025
S458,Divya Iyer,18,M,9,Mathematics,Dr. Mehta,18-07-2025,100,4,95,C,Debate,Yes,34255,No,09-09-2025
S459,Kabir Malhotra,15,M,10,Geography,Ms. Sharma,13-07-2025,89,5,50,A+,Football,Yes,34459,Yes,05-09-2025
S460,Karan Patel,17,F,10,Science,Mr. Banerjee,10-07-2025,82,8,93,B,Football,No,33989,Yes,08-09-2025
S461,Priya Nair,18,M,11,Mathematics,Ms. Kapoor,08-07-2025,87,10,52,B,Music,Yes,33199,Yes,11-09-2025
S462,Divya Iyer,15,F,9,Geography,Ms. Sharma,13-07-2025,88,4,79,A,Dance,Yes,35857,Yes,07-09-2025
S463,Arjun Kapoor,16,M,11,Science,Dr. Mehta,29-07-2025,91,4,70,B+,Debate,Yes,34579,Yes,06-09-2025
S464,Priya Nair,15,M,11,Science,Ms. Sharma,25-07-2025,100,6,50,B,Football,Yes,30148,Yes,03-09-2025
S465,Arjun Kapoor,16,F,11,History,Mr. Verma,26-07-2025,88,6,90,B,Art,No,36472,No,11-09-2025
S466,Neha Gupta,18,M,10,English,Mr. Banerjee,02-07-2025,75,6,96,B,Debate,No,34900,Yes,09-09-2025
S467,Kabir Malhotra,14,M,10,Chemistry,Dr. Iyer,01-07-2025,100,4,78,C,Cricket,No,30963,Yes,11-09-2025
S468,Manav Bhatia,17,F,11,English,Mr. Verma,16-07-2025,78,10,61,A+,Debate,Yes,35032,No,08-09-2025
S469,Neha Gupta,18,F,9,Physics,Ms. Kapoor,06-07-2025,78,10,75,C,Drama,No,30728,No,04-09-2025
S470,Neha Gupta,16,M,10,Biology,Ms. Kapoor,10-07-2025,81,6,64,C,Drama,Yes,32593,Yes,06-09-2025
S471,Sahil Khan,17,M,12,Chemistry,Ms. Sharma,05-07-2025,89,4,75,C,Music,Yes,34091,Yes,07-09-2025
S472,Ishaan Roy,16,M,10,History,Ms. Sharma,10-07-2025,91,6,68,B+,Dance,No,34793,No,03-09-2025
S473,Pooja Reddy,15,F,9,History,Mr. Verma,15-07-2025,97,10,78,B,Dance,Yes,33993,No,05-09-2025
S474,Nidhi Verma,17,M,11,Mathematics,Ms. Sharma,16-07-2025,84,10,99,B,Cricket,Yes,34437,Yes,09-09-2025
S475,Sahil Khan,16,F,9,Science,Mr. Verma,29-07-2025,92,9,76,B,Cricket,Yes,32872,Yes,04-09-2025
S476,Neha Gupta,16,F,12,Physics,Dr. Mehta,06-07-2025,81,7,100,C,Music,Yes,30247,No,07-09-2025
S477,Arjun Kapoor,15,F,10,Physics,Ms. Kapoor,18-07-2025,80,5,65,C,Drama,No,32600,Yes,03-09-2025
S478,Aarav Sharma,15,F,11,Physics,Dr. Mehta,04-07-2025,92,5,59,A,Art,Yes,33512,Yes,07-09-2025
S479,Ananya Sen,14,F,12,Mathematics,Mr. Banerjee,07-07-2025,83,5,62,B+,Football,Yes,37552,No,09-09-2025
S480,Aarav Sharma,17,F,10,Physics,Dr. Iyer,02-07-2025,83,8,92,B,Drama,Yes,37733,Yes,10-09-2025
S481,Karan Patel,16,M,12,Mathematics,Ms. Sharma,19-07-2025,92,6,51,B,Music,Yes,35236,Yes,11-09-2025
S482,Priya Nair,15,M,12,Mathematics,Ms. Kapoor,27-07-2025,88,5,100,C,Drama,No,35058,Yes,07-09-2025
S483,Arjun Kapoor,18,F,9,English,Dr. Mehta,21-07-2025,78,9,96,B,Debate,Yes,31712,Yes,06-09-2025
S484,Ritika Sharma,14,F,11,History,Mr. Verma,13-07-2025,86,6,63,B,Cricket,Yes,30261,Yes,09-09-2025
S485,Aarav Sharma,15,M,9,Biology,Ms. Sharma,11-07-2025,93,5,75,B,Music,No,34191,Yes,04-09-2025
S486,Divya Iyer,14,F,12,English,Mr. Verma,10-07-2025,83,10,79,A+,Music,Yes,36353,Yes,01-09-2025
S487,Karan Patel,14,F,10,Physics,Dr. Iyer,13-07-2025,93,8,85,A+,Debate,Yes,33805,Yes,04-09-2025
S488,Manav Bhatia,14,M,10,Science,Ms. Sharma,20-07-2025,100,9,59,B+,Dance,Yes,33420,No,11-09-2025
S489,Aarav Sharma,15,M,12,Physics,Dr. Mehta,25-07-2025,93,10,77,A+,Debate,Yes,36953,No,01-09-2025
S490,Aditya Rao,15,F,9,Mathematics,Dr. Iyer,21-07-2025,86,10,54,B,Cricket,No,31917,Yes,02-09-2025
S491,Meera Joshi,18,F,12,Biology,Dr. Mehta,23-07-2025,77,9,69,A+,Dance,No,33796,Yes,06-09-2025
S492,Nidhi Verma,18,M,9,Science,Mr. Banerjee,10-07-2025,99,7,51,A+,Basketball,Yes,31317,No,09-09-2025
S493,Karan Patel,17,M,9,Physics,Mr. Verma,06-07-2025,93,9,57,B,Debate,No,33621,Yes,01-09-2025
S494,Aditya Rao,18,F,11,History,Ms. Kapoor,07-07-2025,88,9,93,B,Football,No,31708,Yes,07-09-2025
S495,Sneha Chawla,17,M,9,English,Mr. Banerjee,17-07-2025,99,6,67,C,Drama,No,37156,No,04-09-2025
S496,Nidhi Verma,16,F,10,Geography,Ms. Sharma,30-07-2025,94,5,75,A+,Basketball,No,34499,Yes,08-09-2025
S497,Aditya Rao,17,F,10,Science,Mr. Verma,18-07-2025,94,8,89,B,Music,No,31016,No,08-09-2025
S498,Aditya Rao,17,M,11,Mathematics,Dr. Iyer,03-07-2025,99,10,83,B,Music,Yes,32758,Yes,02-09-2025
S499,Aditya Rao,18,F,12,Science,Ms. Sharma,07-07-2025,89,8,65,B,Basketball,Yes,30054,Yes,01-09-2025
S500,Nidhi Verma,14,M,12,History,Ms. Sharma,11-07-2025,92,9,96,B+,Football,No,36957,No,09-09-2025
S501,Sahil Khan,15,M,11,Mathematics,Dr. Iyer,30-07-2025,100,5,90,B,Football,No,32064,Yes,10-09-2025
S502,Priya Nair,15,F,12,Geography,Mr. Banerjee,10-07-2025,99,7,53,A+,Drama,No,33407,Yes,03-09-2025
S503,Meera Joshi,18,F,11,Biology,Ms. Sharma,13-07-2025,79,5,65,C,Art,No,35728,No,05-09-2025
S504,Neha Gupta,16,M,12,Mathematics,Mr. Banerjee,12-07-2025,81,6,59,B,Dance,Yes,33996,No,08-09-2025
S505,Aarav Sharma,17,F,12,English,Dr. Iyer,13-07-2025,94,8,91,B,Drama,Yes,31950,Yes,10-09-2025
S506,Nidhi Verma,14,M,11,Physics,Ms. Kapoor,01-07-2025,98,10,50,C,Debate,No,32143,No,08-09-2025
S507,Arjun Kapoor,15,F,10,History,Ms. Sharma,24-07-2025,86,9,69,B+,Art,No,32056,No,02-09-2025
S508,Sahil Khan,16,F,9,Mathematics,Ms. Sharma,29-07-2025,84,7,60,A+,Basketball,Yes,36499,No,06-09-2025
S509,Karan Patel,15,F,11,Biology,Ms. Kapoor,06-07-2025,100,4,78,B,Football,Yes,36398,Yes,08-09-2025
S510,Ishaan Roy,17,M,12,Science,Mr. Banerjee,03-07-2025,75,5,94,A,Cricket,No,32532,No,03-09-2025
S511,Vikram Singh,17,F,11,Geography,Ms. Kapoor,23-07-2025,82,6,52,C,Debate,Yes,35297,Yes,10-09-2025
S512,Sahil Khan,16,M,9,Biology,Dr. Mehta,15-07-2025,89,7,87,C,Basketball,No,35393,Yes,05-09-2025
S513,Vikram Singh,15,F,12,Science,Dr. Mehta,08-07-2025,82,4,61,A+,Cricket,Yes,34122,No,09-09-2025
S514,Divya Iyer,17,F,10,English,Ms. Sharma,14-07-2025,87,6,51,B,Dance,No,32711,No,01-09-2025
S515,Aarav Sharma,14,M,11,English,Ms. Sharma,22-07-2025,94,6,59,B+,Art,No,31417,Yes,04-09-2025
S516,Ritika Sharma,15,M,11,History,Ms. Kapoor,12-07-2025,77,5,80,A+,Football,No,31003,Yes,11-09-2025
S517,Rohan Das,17,M,9,Science,Mr. Banerjee,11-07-2025,83,7,89,B,Basketball,No,35295,No,11-09-2025
S518,Sanya Mehta,14,M,9,Science,Dr. Mehta,05-07-2025,78,9,66,C,Music,Yes,35362,No,11-09-2025
S519,Divya Iyer,14,M,12,Biology,Dr. Iyer,12-07-2025,97,9,78,A+,Debate,No,34760,No,07-09-2025
S520,Ananya Sen,17,M,10,Chemistry,Dr. Iyer,02-07-2025,81,4,51,B+,Drama,Yes,30696,Yes,01-09-2025
S521,Ritika Sharma,18,F,11,History,Dr. Mehta,06-07-2025,93,10,97,A,Debate,No,35334,No,04-09-2025
S522,Manav Bhatia,17,M,11,Mathematics,Mr. Banerjee,24-07-2025,80,5,81,A+,Drama,Yes,37118,No,10-09-2025
S523,Sanya Mehta,18,M,10,Geography,Mr. Verma,24-07-2025,76,10,79,B,Debate,No,30154,No,11-09-2025
S524,Karan Patel,15,F,9,Chemistry,Dr. Mehta,19-07-2025,88,10,50,A+,Music,Yes,37812,No,04-09-2025
S525,Sneha Chawla,15,M,12,Physics,Dr. Iyer,26-07-2025,91,5,81,A+,Football,Yes,31863,Yes,10-09-2025
S526,Pooja Reddy,14,F,12,English,Mr. Verma,20-07-2025,85,10,62,A+,Music,No,34585,Yes,11-09-2025
S527,Divya Iyer,17,F,12,Science,Mr. Verma,05-07-2025,76,9,83,A+,Football,Yes,35048,No,06-09-2025
S528,Vikram Singh,14,F,10,Geography,Ms. Sharma,16-07-2025,95,4,63,B,Debate,No,31330,No,07-09-2025
S529,Priya Nair,14,M,11,Chemistry,Dr. Mehta,17-07-2025,78,7,95,A+,Debate,No,35982,No,08-09-2025
S530,Arjun Kapoor,16,M,12,Geography,Dr. Mehta,24-07-2025,86,7,80,A+,Dance,No,30016,No,06-09-2025
S531,Ishaan Roy,15,F,11,Chemistry,Mr. Banerjee,25-07-2025,79,6,99,C,Cricket,Yes,31630,No,04-09-2025
S532,Karan Patel,15,F,12,Physics,Mr. Banerjee,30-07-2025,100,8,86,B+,Art,Yes,31863,No,02-09-2025
S533,Ananya Sen,16,M,11,History,Dr. Iyer,27-07-2025,93,6,79,A,Football,No,35855,Yes,03-09-2025
S534,Sanya Mehta,16,M,12,History,Mr. Verma,29-07-2025,78,6,75,B+,Debate,Yes,37076,Yes,06-09-2025
S535,Arjun Kapoor,15,M,12,English,Ms. Sharma,27-07-2025,84,8,84,C,Football,No,35464,Yes,11-09-2025
S536,Vikram Singh,18,F,11,Mathematics,Dr. Mehta,26-07-2025,75,7,78,A+,Drama,Yes,33055,Yes,11-09-2025
S537,Sneha Chawla,15,F,9,History,Ms. Kapoor,13-07-2025,97,7,53,C,Dance,Yes,32433,No,07-09-2025
S538,Sahil Khan,14,F,11,Chemistry,Ms. Sharma,09-07-2025,80,7,63,C,Debate,Yes,30493,Yes,04-09-2025
S539,Ritika Sharma,15,M,12,Biology,Mr. Verma,18-07-2025,93,6,82,C,Cricket,Yes,36606,No,07-09-2025
S540,Rohan Das,16,M,12,English,Mr. Verma,27-07-2025,81,8,96,B+,Debate,No,31625,No,11-09-2025
S541,Karan Patel,18,M,10,English,Mr. Banerjee,06-07-2025,91,9,65,A+,Cricket,No,32206,No,01-09-2025
S542,Nidhi Verma,17,F,11,Biology,Mr. Verma,01-07-2025,100,8,70,C,Basketball,Yes,31537,No,08-09-2025
S543,Pooja Reddy,16,M,11,Chemistry,Mr. Banerjee,25-07-2025,77,5,66,A+,Cricket,No,34785,Yes,07-09-2025
S544,Vikram Singh,15,M,9,Geography,Mr. Verma,29-07-2025,90,8,62,B+,Music,Yes,37757,No,03-09-2025
S545,Sahil Khan,16,M,9,History,Ms. Kapoor,23-07-2025,81,9,62,C,Dance,Yes,37351,Yes,05-09-2025
S546,Divya Iyer,18,F,10,English,Mr. Verma,22-07-2025,98,6,87,A,Basketball,Yes,34074,No,08-09-2025
S547,Aditya Rao,16,F,9,Mathematics,Dr. Mehta,24-07-2025,75,8,75,A,Cricket,No,30114,No,09-09-2025
S548,Sahil Khan,14,F,9,Physics,Ms. Sharma,07-07-2025,80,10,81,A+,Debate,Yes,35317,No,09-09-2025
S549,Rohan Das,17,F,12,English,Mr. Verma,19-07-2025,83,10,93,A+,Basketball,No,31685,No,04-09-2025
S550,Meera Joshi,16,F,10,History,Mr. Verma,29-07-2025,96,9,59,B+,Drama,No,35890,Yes,08-09-2025
S551,Sahil Khan,14,M,10,Science,Mr. Banerjee,25-07-2025,75,7,57,C,Art,No,34374,Yes,03-09-2025
S552,Sneha Chawla,17,F,12,Chemistry,Ms. Kapoor,04-07-2025,92,6,50,B+,Football,No,31500,Yes,07-09-2025
S553,Meera Joshi,15,F,11,Physics,Dr. Iyer,01-07-2025,99,4,77,B+,Art,No,32101,Yes,10-09-2025
S554,Nidhi Verma,16,M,12,Chemistry,Dr. Mehta,29-07-2025,80,8,96,A+,Basketball,Yes,33522,Yes,09-09-2025
S555,Divya Iyer,17,M,10,Biology,Mr. Banerjee,02-07-2025,87,10,95,B+,Music,Yes,31657,No,01-09-2025
S556,Sneha Chawla,16,F,11,Geography,Mr. Banerjee,01-07-2025,90,4,91,B+,Debate,No,37504,Yes,09-09-2025
S557,Sneha Chawla,14,F,11,Mathematics,Dr. Mehta,22-07-2025,88,10,77,A,Music,No,34595,No,11-09-2025
S558,Nidhi Verma,18,M,11,Mathematics,Ms. Sharma,08-07-2025,92,5,63,B+,Football,No,34588,Yes,05-09-2025
S559,Divya Iyer,17,M,10,Science,Dr. Mehta,26-07-2025,91,4,55,B,Music,Yes,30570,Yes,03-09-2025
S560,Kabir Malhotra,15,F,9,Science,Mr. Verma,21-07-2025,98,7,68,B+,Music,Yes,34431,Yes,11-09-2025
S561,Sanya Mehta,18,M,12,Biology,Mr. Banerjee,02-07-2025,84,7,56,A+,Music,No,34075,Yes,02-09-2025
S562,Aarav Sharma,15,M,12,English,Ms. Sharma,23-07-2025,82,4,51,A+,Music,Yes,31492,Yes,11-09-2025
S563,Priya Nair,16,M,9,Chemistry,Ms. Sharma,05-07-2025,89,4,92,B,Drama,Yes,37113,No,08-09-2025
S564,Priya Nair,14,M,12,Science,Mr. Verma,15-07-2025,82,4,72,A+,Cricket,No,35135,Yes,08-09-2025
S565,Vikram Singh,18,M,10,English,Mr. Banerjee,25-07-2025,78,8,84,B+,Basketball,Yes,37920,No,02-09-2025
S566,Pooja Reddy,16,F,12,Biology,Mr. Verma,29-07-2025,81,5,93,B,Cricket,Yes,30323,No,07-09-2025
S567,Vikram Singh,14,M,10,Biology,Mr. Banerjee,30-07-2025,77,9,78,A,Drama,Yes,36889,No,11-09-2025
S568,Nidhi Verma,16,F,10,Chemistry,Ms. Sharma,29-07-2025,91,10,69,B+,Football,Yes,33738,No,03-09-2025
S569,Sahil Khan,18,M,11,English,Mr. Verma,21-07-2025,95,9,92,A+,Football,Yes,34586,Yes,10-09-2025
S570,Karan Patel,18,F,12,Mathematics,Mr. Banerjee,07-07-2025,84,8,70,C,Drama,Yes,31186,Yes,02-09-2025
S571,Sahil Khan,18,M,12,Geography,Mr. Banerjee,24-07-2025,89,6,82,C,Dance,No,31118,Yes,01-09-2025
S572,Ritika Sharma,16,M,11,English,Dr. Iyer,18-07-2025,84,4,72,C,Art,Yes,30850,Yes,06-09-2025
S573,Aarav Sharma,16,M,12,English,Mr. Verma,22-07-2025,80,9,64,A+,Dance,No,35680,Yes,08-09-2025
S574,Rohan Das,16,F,12,Mathematics,Mr. Verma,28-07-2025,100,10,87,B+,Music,Yes,35126,No,02-09-2025
S575,Rohan Das,16,F,12,Mathematics,Dr. Iyer,27-07-2025,85,9,100,A,Basketball,No,31037,No,09-09-2025
S576,Divya Iyer,14,M,11,Geography,Dr. Mehta,14-07-2025,100,4,89,C,Basketball,Yes,31779,Yes,02-09-2025
S577,Ishaan Roy,15,M,10,Geography,Dr. Mehta,11-07-2025,85,9,50,B+,Art,No,31835,Yes,10-09-2025
S578,Aditya Rao,17,M,9,Biology,Dr. Mehta,09-07-2025,76,9,52,A+,Art,No,32459,Yes,06-09-2025
S579,Karan Patel,18,F,10,Physics,Dr. Mehta,25-07-2025,99,9,94,A+,Debate,Yes,37594,Yes,11-09-2025
S580,Neha Gupta,17,M,12,Chemistry,Mr. Banerjee,19-07-2025,91,6,78,A,Cricket,No,31862,No,09-09-2025
S581,Arjun Kapoor,18,F,12,Geography,Ms. Kapoor,18-07-2025,99,5,67,A+,Debate,No,33079,No,01-09-2025
S582,Ishaan Roy,14,M,10,Physics,Mr. Verma,10-07-2025,96,9,61,B+,Art,Yes,33892,Yes,07-09-2025
S583,Aditya Rao,18,F,12,Mathematics,Ms. Kapoor,10-07-2025,100,10,70,A+,Football,Yes,31271,No,08-09-2025
S584,Rohan Das,18,F,12,English,Dr. Iyer,01-07-2025,76,9,90,A+,Football,No,31727,No,09-09-2025
S585,Ritika Sharma,14,F,12,Chemistry,Ms. Kapoor,18-07-2025,88,9,84,C,Cricket,Yes,33841,No,10-09-2025
S586,Sanya Mehta,18,M,10,Science,Dr. Iyer,18-07-2025,92,7,97,B,Drama,Yes,33513,Yes,10-09-2025
S587,Pooja Reddy,17,F,10,History,Dr. Iyer,27-07-2025,84,8,90,A,Drama,No,31613,No,08-09-2025
S588,Pooja Reddy,16,M,10,Biology,Dr. Iyer,14-07-2025,81,8,74,C,Music,No,30560,No,11-09-2025
S589,Sanya Mehta,14,M,11,Chemistry,Mr. Banerjee,23-07-2025,87,10,56,C,Music,No,37831,No,01-09-2025
S590,Neha Gupta,16,M,10,Chemistry,Ms. Sharma,27-07-2025,83,8,71,A+,Cricket,Yes,30121,Yes,09-09-2025
S591,Pooja Reddy,16,M,11,History,Ms. Sharma,09-07-2025,96,8,90,B+,Basketball,No,33665,No,07-09-2025
S592,Kabir Malhotra,15,M,9,Chemistry,Mr. Banerjee,08-07-2025,81,8,53,B+,Art,No,30807,No,08-09-2025
S593,Sanya Mehta,16,F,12,English,Dr. Iyer,02-07-2025,79,4,91,A+,Dance,No,32498,Yes,09-09-2025
S594,Manav Bhatia,18,F,10,English,Mr. Banerjee,16-07-2025,85,10,76,A+,Basketball,Yes,36656,Yes,11-09-2025
S595,Ananya Sen,18,F,9,Geography,Ms. Sharma,05-07-2025,95,7,92,A,Drama,Yes,37006,Yes,08-09-2025
S596,Neha Gupta,16,F,12,Physics,Ms. Kapoor,14-07-2025,94,9,55,B+,Football,Yes,33760,Yes,09-09-2025
S597,Pooja Reddy,17,F,9,Mathematics,Dr. Iyer,23-07-2025,97,7,72,C,Cricket,Yes,33693,No,10-09-2025
S598,Neha Gupta,14,F,10,History,Mr. Verma,12-07-2025,75,6,86,B,Dance,Yes,35039,No,07-09-2025
S599,Sneha Chawla,17,M,9,Chemistry,Ms. Kapoor,30-07-2025,90,7,84,A+,Drama,Yes,32060,Yes,07-09-2025
S600,Ritika Sharma,17,M,10,Chemistry,Mr. Verma,19-07-2025,77,10,71,B,Drama,Yes,35111,No,07-09-2025
